name,line
User, I've been feeling really anxious lately.
Bot, I'm sorry to hear that you're feeling anxious. Can you tell me more about what's been causing your anxiety?
User," I have a lot of deadlines coming up, and I'm worried I won't be able to meet them."
Bot, It sounds like you're under a lot of pressure. It's common to feel anxious when facing deadlines. Have you tried any strategies to manage your anxiety?
User," I've been trying to stay organized and break tasks into smaller, more manageable steps, but it's still overwhelming."
Bot," That's a good approach. Sometimes, taking things one step at a time can help alleviate some of the pressure. It might also be helpful to take breaks and practice relaxation techniques when you're feeling overwhelmed."
User," Yeah, I'll try that. Thanks for listening."
Bot," Of course, anytime. Remember, it's okay to ask for help if you need it. Take care of yourself."
User, I've been feeling really down lately.
Bot, I'm sorry to hear that. It's tough to feel that way. Can you tell me more about what's been going on?
User, I just feel so unmotivated and hopeless. I don't know how to snap out of it.
Bot, It sounds like you're going through a difficult time. Have you considered reaching out to a therapist or counselor for support?
User," I've thought about it, but I'm not sure if it would help."
Bot," It's understandable to feel hesitant, but talking to a professional can provide valuable support and guidance. Would you like me to help you find resources in your area?"
User," That would be helpful, thank you."
Bot," Of course. I'll provide you with some resources to explore. Remember, you're not alone, and help is available."
User, I've been having trouble sleeping lately.
Bot, I'm sorry to hear that. Sleep difficulties can be challenging to deal with. Can you tell me more about what's been keeping you awake?
User, I just can't seem to turn my mind off at night. I keep worrying about everything.
Bot, That sounds really frustrating. Have you tried any relaxation techniques or bedtime routines to help calm your mind before sleep?
User," I've tried deep breathing and meditation, but they don't seem to work for me."
Bot, It's important to find what works best for you. Have you considered talking to your doctor about your sleep difficulties?
User," No, I haven't. Do you think I should?"
Bot, It might be worth discussing with your doctor to explore potential underlying causes and treatment options. Your health and well-being are important.
User, I've been feeling overwhelmed with schoolwork lately.
Bot," I hear you. Balancing schoolwork can be challenging, especially when it feels like too much. Can you tell me more about what's been stressing you out?"
User," I have so many assignments and exams coming up, and I don't know how to manage my time effectively."
Bot, It's common to feel overwhelmed when facing a busy schedule. Have you considered creating a study schedule or seeking support from your teachers or classmates?
User," I've tried making schedules, but I always end up falling behind. I feel like I'm failing."
Bot," It's important to remember that it's okay to ask for help when you need it. Your teachers and classmates are there to support you, and there are resources available to help you succeed."
User," I've been feeling really overwhelmed lately, and I don't know how much longer I can go on like this."
Bot, I'm really sorry to hear that you're feeling this way. It sounds like things have been really tough for you. Can you tell me more about what's been going on?
User," I just feel like everything is falling apart, and I don't see a way out of this darkness. Sometimes, I even have thoughts of ending my life."
Bot," I want you to know that it takes a lot of courage to share something like that, and I'm here to support you. Your safety is the most important thing right now. Have you ever acted on these thoughts, or do you have a plan to harm yourself?"
User," No, I haven't acted on them, but the thoughts are getting more intense, and I'm scared."
Bot," I understand. It's essential to take these thoughts seriously and seek help. You're not alone in this, and there are people who care about you and want to help you through this difficult time. Can I help you find resources or connect you with someone who can support you?"
User, I'm not sure. I don't want to burden anyone with my problems.
Bot," Your well-being is not a burden, and it's okay to reach out for help when you need it. Talking to someone who understands what you're going through can make a big difference. You deserve to feel better, and there is hope for things to improve. Can I provide you with some resources to explore?"
User," Okay, maybe that would be helpful."
Bot," I'm glad to hear that. I'll provide you with some resources to get started. Remember, you're not alone, and there are people who care about you and want to support you through this challenging time."
User," I've been feeling really down lately, and I don't know how to shake this feeling."
Bot, I'm sorry to hear that you're struggling. It sounds like you're experiencing some tough emotions. Can you tell me more about what's been weighing on you?
User, I just feel so hopeless and empty all the time. It's like I'm stuck in this never-ending cycle of sadness.
Bot," It must be incredibly challenging to feel that way. Depression can make it feel like there's no way out, but it's important to remember that there is hope, and you're not alone in this. Have you talked to anyone about how you're feeling?"
User, I haven't really talked to anyone. I feel like no one would understand or care.
Bot," It's common to feel that way when you're struggling with depression, but reaching out for support can make a big difference. Talking to a trusted friend, family member, or mental health professional can help you feel less alone and provide you with support and guidance. Would you like me to help you find resources or connect you with someone who can support you?"
User, I'm not sure. I don't want to burden anyone with my problems.
Bot," Your well-being is important, and it's okay to ask for help when you need it. You deserve to feel better, and there are people who care about you and want to support you through this difficult time. Can I provide you with some resources to explore?"
User," Okay, maybe that would be helpful."
Bot," I'm glad to hear that. I'll provide you with some resources to get started. Remember, you're not alone, and there is hope for things to improve. You deserve support and understanding as you navigate through this challenging time."
User, I've been struggling a lot lately. I just feel so worthless.
Bot, I'm really sorry to hear that you're feeling that way. It sounds incredibly tough to deal with those feelings. Can you tell me more about what's been going on?
User," I just can't seem to shake this feeling that I'm not good enough, no matter what I do."
Bot," It must be really hard to feel like you're not measuring up, especially when you're putting in effort. It's important to recognize that your worth isn't defined by your accomplishments or what others think of you. Have you been feeling this way for a long time?"
User," Yeah, it's been going on for a while now. I just don't see a way out of it."
Bot," I hear you. It can feel overwhelming when those feelings linger for an extended period. You're not alone in experiencing this, and there are ways to work through it. Have you considered talking to a therapist or counselor about these feelings?"
User," I've thought about it, but I'm not sure if it would help."
Bot," It's understandable to feel hesitant, but therapy can provide a safe space to explore these feelings and develop coping strategies. You deserve to feel better about yourself, and seeking support is a positive step towards that. Can I help you find resources or provide information about therapy options?"
User, Maybe. I'll think about it.
Bot," That's completely okay. Remember, it's important to prioritize your well-being and take steps towards feeling better, even if it feels challenging. If you ever want to talk more or explore your options further, I'm here to support you."
User," I've been feeling really worried lately, and I don't know how to calm down."
Bot, I'm sorry to hear that you're feeling that way. It sounds like you're dealing with a lot of anxiety. Can you tell me more about what's been causing your worry?
User, I just can't stop thinking about all the things that could go wrong. It's like my mind won't shut off.
Bot, It must be really overwhelming to have those thoughts constantly running through your mind. Anxiety can make it difficult to focus on anything else. Have you noticed any specific triggers for your worries?
User," It's mostly just everyday things, like work deadlines or social situations. But they feel so overwhelming."
Bot," It's understandable to feel overwhelmed by everyday stressors, especially when anxiety magnifies those feelings. Have you tried any techniques to help manage your worry, like deep breathing or mindfulness?"
User," I've tried deep breathing, but it doesn't seem to help much. I just feel stuck in this cycle of worry."
Bot, I hear you. It can be frustrating when coping techniques don't provide the relief we're hoping for. It might be helpful to explore other strategies or consider talking to a therapist about your anxiety. They can provide you with tools and support to manage your worry more effectively. Would you like me to provide you with resources or information about therapy options?
User, I'm not sure. I've never talked to a therapist before.
Bot," It's okay to feel uncertain about seeking therapy, but it can be a valuable resource for managing anxiety and improving your well-being. Taking that first step can feel daunting, but it's a positive choice towards feeling better. If you ever want to talk more about it or explore your options further, I'm here to support you."
User, I'm feeling so hopeless. I just want to end it all.
Bot," I'm really sorry to hear that you're feeling this way. It sounds like you're in a lot of pain right now. Your safety is the most important thing, and I want to help you through this. Can you tell me more about what's been going on?"
User," I just can't take it anymore. Everything feels so pointless, and I don't see a way out."
Bot," It sounds like you're feeling overwhelmed by these thoughts and emotions. It's okay to feel that way, but it's also important to remember that things can get better, and there are people who care about you and want to help you through this. Have you ever acted on these thoughts, or do you have a plan to harm yourself?"
User," I haven't acted on them, but I can't stop thinking about it. I don't know what to do."
Bot," I hear you. It takes a lot of courage to talk about these feelings, and I'm glad you reached out. Your life has value, and there are people who care about you deeply, including me. I want to make sure you're safe. Can you promise me that you won't hurt yourself right now?"
User," I'll try, but I don't know if I can."
Bot, That's okay. I'm here to support you through this. Let's work together to keep you safe. Can you tell me if you have any immediate plans or access to means to harm yourself?
User," I don't have any plans right now, but I'm feeling really overwhelmed."
Bot, I understand. It's important to take things one step at a time. Would you be open to exploring some coping strategies together to help you manage these overwhelming feelings?
User, I guess so.
Bot," That's a positive step. Let's start by taking some deep breaths together. Remember, you're not alone in this, and there are people who want to support you. If you're ever in immediate danger or need someone to talk to, please reach out to a trusted friend, family member, or emergency services. Your safety is important to me."
User, I'm feeling really happy today!
Bot, That's wonderful to hear! What's making you feel happy?
User," I just got some great news, and I'm over the moon!"
Bot, Congratulations! I'd love to hear more about your good news.
User, Life is great! I'm feeling so joyful and grateful.
Bot, It's fantastic to hear that you're feeling joyful and grateful. What's been going well for you?
User," I had an amazing day today, and I can't stop smiling!"
Bot, That's fantastic! I'm glad to hear that you had such a great day. What made it so special?
User, I'm feeling really happy and content with life right now.
Bot, It's wonderful to hear that you're feeling content and happy with where you're at. What's been bringing you joy lately?
User, I just wanted to share some good newsâ€”I accomplished a personal goal I've been working towards!
Bot, That's fantastic! I'm so proud of you. Achieving personal goals is such a fulfilling experience. Would you like to share more about your accomplishment?
User, I'm feeling so happy and blessed to have such wonderful people in my life.
Bot, It's heartwarming to hear that you're feeling blessed and grateful for the people in your life. What do you appreciate most about them?
